freq,vin,amp,pha
17.0,3.1,0.0,0.0
32.10861959974547,3.1,-0.0,-1.0
60.644908976538765,3.1,-0.0,-2.0
114.54260664640432,3.1,-0.1,-4.0
216.34146969251023,3.1,-0.1,-8.0
408.61329141215737,3.1,-0.3,-14.0
771.7652198442885,3.1,-1.0,-26.0
1457.665639076129,3.1,-2.8,-43.0
2753.154794630312,3.1,-6.3,-61.0
5199.999999999998,3.1,9.9e+37,-72.0
